PRAGMA foreign_keys = ON;
INSERT INTO Cliente values
(259077945, 'Tommy Vercetti', 'tommydoesntswim@email.com', '1990-10-15', 'italiano', 'M', 'Urb Qta Vista Alegre, 45, 5100-123 Lamego', 351918354710),
(259017281, 'Ana Silva Santos', 'anasantos@gmail.com', '2002-07-11', 'português', 'F','Rua das Flores, 123, 1000-001 Lisboa', 3519187256761),
(237194634, 'Roberto Duarte Monteiro', 'roberto.m@gmail.com', '1987-05-30', 'português', 'M','Rua das Juntas, 13, 1000-110Lisboa', 3519187256761),
(987656731, 'João Miguel Pereira', 'joao.miguel@email.com', '1986-12-10', 'português', 'M', 'Avenida da Liberdade, 456, 1050-047 Lisboa', 351912345678),
(654337387, 'Maria da Conceição Silva', 'maria.conceicao@email.com', '1990-10-15', 'português', 'F', 'Rua do Carmo, 78, 4050-123 Porto', 351925678901),
(123986281, 'Carlos Alberto Santos', 'carlos.alberto@email.com', '1978-04-10', 'português', 'M', 'Praça da República, 20, 4700-002 Braga', 351934567890),
(789456999, 'Inês da Silva Pereira', 'ines.silva@email.com', '1989-12-05', 'português', 'F', 'Rua dos Aliados, 321, 4000-005 Porto', 351967890123),
(456712323, 'Pedro Henrique Mendes', 'pedro.henrique@email.com', '1995-11-30', 'português', 'M', 'Travessa do Comércio, 15, 1200-123 Lisboa', 351918765432),
(321642287, 'Sofia Margarida Almeida', 'sofia.margarida@email.com', '1982-10-18', 'português', 'F', 'Avenida dos Aliados, 567, 4050-123 Porto', 351926543210),
(987138454, 'Rui Manuel Santos', 'rui.manuel@email.com', '1998-03-25', 'português', 'M', 'Rua da Boavista, 89, 1500-001 Lisboa', 351919876543),
(654721321, 'Marta Fernanda Ferreira', 'marta.fernanda@email.com', '1987-01-12', 'português', 'F', 'Praça do Giraldo, 34, 7000-123 Évora', 351912345678),
(123412889, 'Hugo José Silva', 'hugo.jose@email.com', '1980-05-06', 'português', 'M', 'Largo da Sé, 12, 800-123 Faro', 351934567890),
(987671889, 'Ana Luísa Rodrigues', 'ana.luisa@email.com', '1993-07-08', 'português', 'F', 'Avenida Central, 45, 1000-567 Lisboa', 351967890123),
(876531310, 'Rita Sofia Oliveira', 'rita.sofia@email.com', '1985-04-22', 'português', 'F', 'Rua da Sé, 56, 4900-014 Viana do Castelo', 351925678901),
(345642312, 'António Manuel Costa', 'antonio.manuel@email.com', '1992-01-11', 'português', 'M', 'Praça Marquês de Pombal, 10, 5400-001 Chaves', 351934567890),
(890112356, 'Lúcia Margarida Pereira', 'lucia.margarida@email.com', '1980-08-07', 'português', 'F', 'Avenida da Boavista, 123, 4100-101 Porto', 351967890123),
(567842323, 'Joaquim Antunes Silva', 'joaquim.antunes@email.com', '1996-01-18', 'português', 'M', 'Rua dos Combatentes, 34, 800-200 Faro', 351918765432),
(234523490, 'Beatriz Nunes Almeida', 'beatriz.nunes@email.com', '1983-05-25', 'português', 'F', 'Travessa das Flores, 7, 800-123 Coimbra', 351926543210),
(789344454, 'Gustavo Manuel Rodrigues', 'gustavo.rodrigues@email.com', '1989-09-30', 'português', 'M', 'Avenida Central, 101, 1000-200 Lisboa', 351919876543),
(456790012, 'Mariana Pereira Carvalho', 'mariana.pereira@email.com', '1981-10-14', 'português', 'F', 'Rua do Comércio, 89, 4900-567 Viana do Castelo', 351912345678),
(123879456, 'Dinis Costa Pinto', 'dinis.costa@email.com', '1994-08-03', 'português', 'M', 'Praça da República, 15, 3000-100 Coimbra', 351934567890),
(890456563, 'Carolina Silva Santos', 'carolina.silva@email.com', '1987-12-20', 'português', 'F', 'Largo do Carmo, 23, 2000-567 Santarém', 351967890123),
(345635651, 'Manuel Pereira Matos', 'manuel.pereira@email.com', '1990-12-08', 'português', 'M', 'Avenida Infante Dom Henrique, 45, 4900-200 Viana do Castelo', 351918765432),-- Linha 21
(987623451, 'Simão Pereira Costa', 'simao.pereira@email.com', '1980-05-05', 'português', 'M', 'Rua do Rosário, 21, 4700-567 Braga', 351925678902),
(876542450, 'Andreia Nunes Oliveira', 'andreia.nunes@email.com', '1991-12-12', 'português', 'F', 'Avenida dos Aliados, 89, 4050-567 Porto', 351934567891),
(765435679, 'Ricardo Miguel Rodrigues', 'ricardo.rodrigues@email.com', '1987-03-28', 'português', 'M', 'Praça do Giraldo, 45, 7000-200 Évora', 351967890124),
(653456468, 'Ana Paula Almeida', 'ana.paula@email.com', '1985-02-15', 'português', 'F', 'Travessa das Flores, 12, 800-567 Faro', 351918765433),
(543223457, 'Daniel Antunes Pereira', 'daniel.antunes@email.com', '1992-10-30', 'português', 'M', 'Avenida da Liberdade, 123, 1050-200 Lisboa', 351926543211),
(432135566, 'Filipa Santos Costa', 'filipa.santos@email.com', '1981-10-02', 'português', 'F', 'Rua do Carmo, 34, 4050-200 Porto', 351919876544),
(321098635, 'Gonçalo Oliveira Fernandes', 'goncalo.fernandes@email.com', '1994-08-18', 'português', 'M', 'Praça Marquês de Pombal, 20, 5400-567 Chaves', 351912345679),
(210987244, 'Carla Costa Pereira', 'carla.pereira@email.com', '1983-03-10', 'português', 'F', 'Avenida da Boavista, 67, 4100-200 Porto', 351934567892),
(109835553, 'Miguel Rodrigues Alves', 'miguel.alves@email.com', '1986-12-05', 'português', 'M', 'Rua dos Combatentes, 56, 800-567 Faro', 351967890125),
(987654341, 'Sofia Oliveira Pereira', 'sofia.oliveira@email.com', '1980-10-20', 'português', 'F', 'Travessa do Comércio, 23, 1200-567 Lisboa', 351918765434),
(876543350, 'José Miguel Costa', 'jose.miguel@email.com', '1993-07-15', 'português', 'M', 'Avenida dos Aliados, 101, 4050-200 Porto', 351926543212),
(765432599, 'Catarina Rodrigues Silva', 'catarina.silva@email.com', '1989-02-08', 'português', 'F', 'Rua da Boavista, 34, 1500-567 Lisboa', 351919876545),
(654245098, 'Tiago Pereira Costa', 'tiago.pereira@email.com', '1983-05-28', 'português', 'M', 'Praça do Giraldo, 10, 7000-200 Évora', 351912345680),
(543452987, 'Mariana Oliveira Fernandes', 'mariana.fernandes@email.com', '1990-12-12', 'português', 'F', 'Avenida Infante Dom Henrique, 78, 4900-567 Viana do Castelo', 351934567893),
(432531876, 'Luís Antunes Silva', 'luis.antunes@email.com', '1987-12-30', 'português', 'M', 'Rua do Comércio, 67, 4900-200 Viana do Castelo', 351967890126),
(321033965, 'Rita Costa Pinto', 'rita.costa@email.com', '1995-11-25', 'português', 'F', 'Largo do Carmo, 12, 2000-567 Santarém', 351918765435),
(210913654, 'Nuno Silva Santos', 'nuno.santos@email.com', '1980-08-15', 'português', 'M', 'Avenida Central, 56, 1000-200 Lisboa', 351926543213),
(109568543, 'Laura Pereira Matos', 'laura.pereira@email.com', '1992-05-22', 'português', 'F', 'Rua dos Aliados, 89, 4050-567 Porto', 351919876546),
(987245321, 'Ricardo Almeida Carvalho', 'ricardo.almeida@email.com', '1984-05-07', 'português', 'M', 'Travessa das Flores, 7, 800-567 Faro', 351912345681),
(876688210, 'Marta Nunes Oliveira', 'marta.nunes@email.com', '1980-10-18', 'português', 'F', 'Avenida Central, 45, 1000-567 Lisboa', 351934567894);
INSERT INTO Roupa values 
(1, 'Casaco', 'M', 'Dupla face vintage', 'S', 'Bege', 'Poliester', 59.99),
(1, 'Casaco', 'M', 'Dupla face vintage', 'M', 'Bege', 'Poliester', 59.99),
(1, 'Casaco', 'M', 'Dupla face vintage', 'L', 'Bege', 'Poliester', 59.99),
(2, 'Casaco', 'M', 'Quadrados c/ capuz efeito pelo encaracolado', 'S', 'Torrado', 'Poliester-Acrilico', 39.99),
(2, 'Casaco', 'M', 'Quadrados c/ capuz efeito pelo encaracolado', 'M', 'Torrado', 'Poliester-Acrilico', 39.99),
(2, 'Casaco', 'M', 'Quadrados c/ capuz efeito pelo encaracolado', 'L', 'Torrado', 'Poliester-Acrilico', 39.99),
(3, 'Casaco', 'M', 'Acolchoado c/ capuz', 'XXS', 'Preto', 'Poliester', 45.99),
(3, 'Casaco', 'M', 'Acolchoado c/ capuz', 'XS', 'Preto', 'Poliester', 45.99),
(3, 'Casaco', 'M', 'Acolchoado c/ capuz', 'S', 'Preto', 'Poliester', 45.99),
(3, 'Casaco', 'M', 'Acolchoado c/ capuz', 'M', 'Preto', 'Poliester', 45.99),
(3, 'Casaco', 'M', 'Acolchoado c/ capuz', 'L', 'Preto', 'Poliester', 45.99),
(3, 'Casaco', 'M', 'Acolchoado c/ capuz', 'XL', 'Preto', 'Poliester', 45.99),
(3, 'Casaco', 'M', 'Acolchoado c/ capuz', 'XXL', 'Preto', 'Poliester', 45.99),
(4, 'Casaco', 'M', 'Acolchoado leve', 'XS', 'Chocolate', 'Poliester', 29.99),
(4, 'Casaco', 'M', 'Acolchoado leve', 'S', 'Chocolate', 'Poliester', 29.99),
(4, 'Casaco', 'M', 'Acolchoado leve', 'M', 'Chocolate', 'Poliester', 29.99),
(4, 'Casaco', 'M', 'Acolchoado leve', 'L', 'Chocolate', 'Poliester', 29.99),
(4, 'Casaco', 'M', 'Acolchoado leve', 'XL', 'Chocolate', 'Poliester', 29.99),
(4, 'Casaco', 'M', 'Acolchoado leve', 'XXL', 'Chocolate', 'Poliester', 29.99),
(5, 'Casaco', 'M', 'Parka water resistant', 'S', 'Branco Gasto', 'Poliester-Poliamida', 69.99),
(5, 'Casaco', 'M', 'Parka water resistant', 'M', 'Branco Gasto', 'Poliester-Poliamida', 69.99),
(5, 'Casaco', 'M', 'Parka water resistant', 'L', 'Branco Gasto', 'Poliester-Poliamida', 69.99),
(5, 'Casaco', 'M', 'Parka water resistant', 'XL', 'Branco Gasto', 'Poliester-Poliamida', 69.99),
(5, 'Casaco', 'M', 'Parka water resistant', 'XXL', 'Branco Gasto', 'Poliester-Poliamida', 69.99),
(6, 'Casaco', 'M', 'Acolchoado basico ligeiro', 'XS', 'Cinza Escuro', 'Poliester', 35.99),
(6, 'Casaco', 'M', 'Acolchoado basico ligeiro', 'S', 'Cinza Escuro', 'Poliester', 35.99),
(6, 'Casaco', 'M', 'Acolchoado basico ligeiro', 'M', 'Cinza Escuro', 'Poliester', 35.99),
(6, 'Casaco', 'M', 'Acolchoado basico ligeiro', 'L', 'Cinza Escuro', 'Poliester', 35.99),
(6, 'Casaco', 'M', 'Acolchoado basico ligeiro', 'XL', 'Cinza Escuro', 'Poliester', 35.99),
(6, 'Casaco', 'M', 'Acolchoado basico ligeiro', 'XXL', 'Cinza Escuro', 'Poliester', 35.99),
(7, 'Casaco', 'M', 'Efeito pelo c/ bolso canguru', 'S', 'Branco Gasto', 'Poliester', 35.99),
(7, 'Casaco', 'M', 'Efeito pelo c/ bolso canguru', 'M', 'Branco Gasto', 'Poliester', 35.99),
(7, 'Casaco', 'M', 'Efeito pelo c/ bolso canguru', 'L', 'Branco Gasto', 'Poliester', 35.99),
(8, 'Vestido', 'F', 'Curto c/ lantejoulas e choker', 'XS', 'Preto', 'Poliester-Elastano', 29.99),
(8, 'Vestido', 'F', 'Curto c/ lantejoulas e choker', 'S', 'Preto', 'Poliester-Elastano', 29.99),
(8, 'Vestido', 'F', 'Curto c/ lantejoulas e choker', 'M', 'Preto', 'Poliester-Elastano', 29.99),
(8, 'Vestido', 'F', 'Curto c/ lantejoulas e choker', 'L', 'Preto', 'Poliester-Elastano', 29.99),
(8, 'Vestido', 'F', 'Curto c/ lantejoulas e choker', 'XL', 'Preto', 'Poliester-Elastano', 29.99),
(9, 'Vestido', 'F', 'Curto c/ franjas e lantejoulas', 'XS', 'Azul Noite', 'Poliester', 35.99),
(9, 'Vestido', 'F', 'Curto c/ franjas e lantejoulas', 'S', 'Azul Noite', 'Poliester', 35.99),
(9, 'Vestido', 'F', 'Curto c/ franjas e lantejoulas', 'M', 'Azul Noite', 'Poliester', 35.99),
(9, 'Vestido', 'F', 'Curto c/ franjas e lantejoulas', 'L', 'Azul Noite', 'Poliester', 35.99),
(9, 'Vestido', 'F', 'Curto c/ franjas e lantejoulas', 'XL', 'Azul Noite', 'Poliester', 35.99),
(10, 'Vestido', 'F', 'Midi brilhos', 'XS', 'Dourado', 'Poliester-Poliamida-Elastano', 25.99),
(10, 'Vestido', 'F', 'Midi brilhos', 'S', 'Dourado', 'Poliester-Poliamida-Elastano', 25.99),
(10, 'Vestido', 'F', 'Midi brilhos', 'M', 'Dourado', 'Poliester-Poliamida-Elastano', 25.99),
(10, 'Vestido', 'F', 'Midi brilhos', 'L', 'Dourado', 'Poliester-Poliamida-Elastano', 25.99),
(10, 'Vestido', 'F', 'Midi brilhos', 'XL', 'Dourado', 'Poliester-Poliamida-Elastano', 25.99),
(11, 'Vestido', 'F', 'Long dress', 'XS', 'Champanhe', 'Poliester-Poliamida', 45.99),
(11, 'Vestido', 'F', 'Long dress', 'S', 'Champanhe', 'Poliester-Poliamida', 45.99),
(11, 'Vestido', 'F', 'Long dress', 'M', 'Champanhe', 'Poliester-Poliamida', 45.99),
(11, 'Vestido', 'F', 'Long dress', 'L', 'Champanhe', 'Poliester-Poliamida', 45.99),
(11, 'Vestido', 'F', 'Long dress', 'XL', 'Champanhe', 'Poliester-Poliamida', 45.99),
(12, 'Vestido', 'F', 'Midi c/ lantejoulas', 'XS', 'Dourado', 'Poliester-Elastano', 35.99),
(12, 'Vestido', 'F', 'Midi c/ lantejoulas', 'S', 'Dourado', 'Poliester-Elastano', 35.99),
(12, 'Vestido', 'F', 'Midi c/ lantejoulas', 'M', 'Dourado', 'Poliester-Elastano', 35.99),
(12, 'Vestido', 'F', 'Midi c/ lantejoulas', 'L', 'Dourado', 'Poliester-Elastano', 35.99),
(12, 'Vestido', 'F', 'Midi c/ lantejoulas', 'XL', 'Dourado', 'Poliester-Elastano', 35.99),
(13, 'Vestido', 'F', 'Midi c/ decote drapeado', 'XS', 'Burgandy', 'Poliester-Elastano', 29.99),
(13, 'Vestido', 'F', 'Midi c/ decote drapeado', 'S', 'Burgandy', 'Poliester-Elastano', 29.99),
(13, 'Vestido', 'F', 'Midi c/ decote drapeado', 'M', 'Burgandy', 'Poliester-Elastano', 29.99),
(13, 'Vestido', 'F', 'Midi c/ decote drapeado', 'L', 'Burgandy', 'Poliester-Elastano', 29.99),
(13, 'Vestido', 'F', 'Midi c/ decote drapeado', 'XL', 'Burgandy', 'Poliester-Elastano', 29.99),
(14, 'Vestido', 'F', 'Comprido halter c/ lantejoulas', 'XS', 'Prata', 'Poliester-Elastano', 39.99),
(14, 'Vestido', 'F', 'Comprido halter c/ lantejoulas', 'S', 'Prata', 'Poliester-Elastano', 39.99),
(14, 'Vestido', 'F', 'Comprido halter c/ lantejoulas', 'M', 'Prata', 'Poliester-Elastano', 39.99),
(14, 'Vestido', 'F', 'Comprido halter c/ lantejoulas', 'L', 'Prata', 'Poliester-Elastano', 39.99),
(14, 'Vestido', 'F', 'Comprido halter c/ lantejoulas', 'XL', 'Prata', 'Poliester-Elastano', 39.99),
(15, 'Calça', 'M', 'Elegantes wide leg', 'XS', 'Cinza', 'Poliester-Viscose-Elastano', 29.99),
(15, 'Calça', 'M', 'Elegantes wide leg', 'S', 'Cinza', 'Poliester-Viscose-Elastano', 29.99),
(15, 'Calça', 'M', 'Elegantes wide leg', 'M', 'Cinza', 'Poliester-Viscose-Elastano', 29.99),
(15, 'Calça', 'M', 'Elegantes wide leg', 'L', 'Cinza', 'Poliester-Viscose-Elastano', 29.99),
(15, 'Calça', 'M', 'Elegantes wide leg', 'XL', 'Cinza', 'Poliester-Viscose-Elastano', 29.99),
(16, 'Calça', 'M', 'Jogger fato treino c/ bolsos', 'XS', 'Preto', 'Poliester-Algodao-Elastano', 22.99),
(16, 'Calça', 'M', 'Jogger fato treino c/ bolsos', 'S', 'Preto', 'Poliester-Algodao-Elastano', 22.99),
(16, 'Calça', 'M', 'Jogger fato treino c/ bolsos', 'M', 'Preto', 'Poliester-Algodao-Elastano', 22.99),
(16, 'Calça', 'M', 'Jogger fato treino c/ bolsos', 'L', 'Preto', 'Poliester-Algodao-Elastano', 22.99),
(16, 'Calça', 'M', 'Jogger fato treino c/ bolsos', 'XL', 'Preto', 'Poliester-Algodao-Elastano', 22.99),
(16, 'Calça', 'M', 'Jogger fato treino c/ bolsos', 'XXL', 'Preto', 'Poliester-Algodao-Elastano', 22.99),
(17, 'Calça', 'M', 'Carpinteiro c/ lavagem', '36', 'Cru', 'Algodao', 19.99),
(17, 'Calça', 'M', 'Carpinteiro c/ lavagem', '38', 'Cru', 'Algodao', 19.99),
(17, 'Calça', 'M', 'Carpinteiro c/ lavagem', '40', 'Cru', 'Algodao', 19.99),
(17, 'Calça', 'M', 'Carpinteiro c/ lavagem', '42', 'Cru', 'Algodao', 19.99),
(17, 'Calça', 'M', 'Carpinteiro c/ lavagem', '44', 'Cru', 'Algodao', 19.99),
(17, 'Calça', 'M', 'Carpinteiro c/ lavagem', '46', 'Cru', 'Algodao', 19.99),
(18, 'Calça', 'M', 'Chinos skinny fit', '36', 'Marinho', 'Algodao-Elastano', 15.99),
(18, 'Calça', 'M', 'Chinos skinny fit', '38', 'Marinho', 'Algodao-Elastano', 15.99),
(18, 'Calça', 'M', 'Chinos skinny fit', '40', 'Marinho', 'Algodao-Elastano', 15.99),
(18, 'Calça', 'M', 'Chinos skinny fit', '42', 'Marinho', 'Algodao-Elastano', 15.99),
(18, 'Calça', 'M', 'Chinos skinny fit', '44', 'Marinho', 'Algodao-Elastano', 15.99),
(18, 'Calça', 'M', 'Chinos skinny fit', '46', 'Marinho', 'Algodao-Elastano', 15.99),
(18, 'Calça', 'M', 'Chinos skinny fit', '48', 'Marinho', 'Algodao-Elastano', 15.99),
(18, 'Calça', 'M', 'Chinos skinny fit', '50', 'Marinho', 'Algodao-Elastano', 15.99),
(19, 'Calça', 'M', 'Cargo jogger', 'XS', 'Caqui', 'Algodao-Poliester', 18.99),
(19, 'Calça', 'M', 'Cargo jogger', 'S', 'Caqui', 'Algodao-Poliester', 18.99),
(19, 'Calça', 'M', 'Cargo jogger', 'M', 'Caqui', 'Algodao-Poliester', 18.99),
(19, 'Calça', 'M', 'Cargo jogger', 'L', 'Caqui', 'Algodao-Poliester', 18.99),
(19, 'Calça', 'M', 'Cargo jogger', 'XL', 'Caqui', 'Algodao-Poliester', 18.99),
(19, 'Calça', 'M', 'Cargo jogger', 'XXL', 'Caqui', 'Algodao-Poliester', 18.99),
(20, 'Calça', 'M', 'Cargo rigstop c/ cintura elastica', 'XS', 'Areia', 'Algodao-Elastano', 25.99),
(20, 'Calça', 'M', 'Cargo rigstop c/ cintura elastica', 'S', 'Areia', 'Algodao-Elastano', 25.99),
(20, 'Calça', 'M', 'Cargo rigstop c/ cintura elastica', 'M', 'Areia', 'Algodao-Elastano', 25.99),
(20, 'Calça', 'M', 'Cargo rigstop c/ cintura elastica', 'L', 'Areia', 'Algodao-Elastano', 25.99),
(20, 'Calça', 'M', 'Cargo rigstop c/ cintura elastica', 'XL', 'Areia', 'Algodao-Elastano', 25.99),
(20, 'Calça', 'M', 'Cargo rigstop c/ cintura elastica', 'XXL', 'Areia', 'Algodao-Elastano', 25.99),
(21, 'Top', 'F', 'Lantejoulas c/ cut out', 'XS', 'Cinza', 'Poliester', 22.99),
(21, 'Top', 'F', 'Lantejoulas c/ cut out', 'S', 'Cinza', 'Poliester', 22.99),
(21, 'Top', 'F', 'Lantejoulas c/ cut out', 'M', 'Cinza', 'Poliester', 22.99),
(21, 'Top', 'F', 'Lantejoulas c/ cut out', 'L', 'Cinza', 'Poliester', 22.99),
(21, 'Top', 'F', 'Lantejoulas c/ cut out', 'XL', 'Cinza', 'Poliester', 22.99),
(22, 'Top', 'F', 'Lantejoulas', 'XS', 'Malva', 'Poliester-Elastano', 19.99),
(22, 'Top', 'F', 'Lantejoulas', 'S', 'Malva', 'Poliester-Elastano', 19.99),
(22, 'Top', 'F', 'Lantejoulas', 'M', 'Malva', 'Poliester-Elastano', 19.99),
(22, 'Top', 'F', 'Lantejoulas', 'L', 'Malva', 'Poliester-Elastano', 19.99),
(22, 'Top', 'F', 'Lantejoulas', 'XL', 'Malva', 'Poliester-Elastano', 19.99),
(23, 'Top', 'F', 'Rede c/ strass', 'XS', 'Preto', 'Poliester-Elastano', 22.99),
(23, 'Top', 'F', 'Rede c/ strass', 'S', 'Preto', 'Poliester-Elastano', 22.99),
(23, 'Top', 'F', 'Rede c/ strass', 'M', 'Preto', 'Poliester-Elastano', 22.99),
(23, 'Top', 'F', 'Rede c/ strass', 'L', 'Preto', 'Poliester-Elastano', 22.99),
(23, 'Top', 'F', 'Rede c/ strass', 'XL', 'Preto', 'Poliester-Elastano', 22.99),
(24, 'Top', 'F', 'Gathered sequinned', 'XS', 'Grena', 'Poliester-Elastano', 17.99),
(24, 'Top', 'F', 'Gathered sequinned', 'S', 'Grena', 'Poliester-Elastano', 17.99),
(24, 'Top', 'F', 'Gathered sequinned', 'M', 'Grena', 'Poliester-Elastano', 17.99),
(24, 'Top', 'F', 'Gathered sequinned', 'L', 'Grena', 'Poliester-Elastano', 17.99),
(24, 'Top', 'F', 'Gathered sequinned', 'XL', 'Grena', 'Poliester-Elastano', 17.99),
(25, 'Top', 'F', 'Bandeau lantejoulas', 'XS', 'Dourado', 'Poliester-Elastano', 15.99),
(25, 'Top', 'F', 'Bandeau lantejoulas', 'S', 'Dourado', 'Poliester-Elastano', 15.99),
(25, 'Top', 'F', 'Bandeau lantejoulas', 'M', 'Dourado', 'Poliester-Elastano', 15.99),
(25, 'Top', 'F', 'Bandeau lantejoulas', 'L', 'Dourado', 'Poliester-Elastano', 15.99),
(25, 'Top', 'F', 'Bandeau lantejoulas', 'XL', 'Dourado', 'Poliester-Elastano', 15.99),
(26, 'T-Shirt', 'M', 'Basica c/ manga dupla', 'XS', 'Cinza', 'Algodao', 17.99),
(26, 'T-Shirt', 'M', 'Basica c/ manga dupla', 'S', 'Cinza', 'Algodao', 17.99),
(26, 'T-Shirt', 'M', 'Basica c/ manga dupla', 'M', 'Cinza', 'Algodao', 17.99),
(26, 'T-Shirt', 'M', 'Basica c/ manga dupla', 'L', 'Cinza', 'Algodao', 17.99),
(26, 'T-Shirt', 'M', 'Basica c/ manga dupla', 'XL', 'Cinza', 'Algodao', 17.99),
(27, 'T-Shirt', 'M', 'Riscas garment dyed', 'XS', 'Marinho', 'Algodao', 9.99),
(27, 'T-Shirt', 'M', 'Riscas garment dyed', 'S', 'Marinho', 'Algodao', 9.99),
(27, 'T-Shirt', 'M', 'Riscas garment dyed', 'M', 'Marinho', 'Algodao', 9.99),
(27, 'T-Shirt', 'M', 'Riscas garment dyed', 'L', 'Marinho', 'Algodao', 9.99),
(27, 'T-Shirt', 'M', 'Riscas garment dyed', 'XL', 'Marinho', 'Algodao', 9.99),
(28, 'T-Shirt', 'M', 'NFL New York Jets', 'XS', 'Cinzento', 'Algodao-Poliester', 17.99),
(28, 'T-Shirt', 'M', 'NFL New York Jets', 'S', 'Cinzento', 'Algodao-Poliester', 17.99),
(28, 'T-Shirt', 'M', 'NFL New York Jets', 'M', 'Cinzento', 'Algodao-Poliester', 17.99),
(28, 'T-Shirt', 'M', 'NFL New York Jets', 'L', 'Cinzento', 'Algodao-Poliester', 17.99),
(28, 'T-Shirt', 'M', 'NFL New York Jets', 'XL', 'Cinzento', 'Algodao-Poliester', 17.99),
(29, 'T-Shirt', 'M', 'Basica c/ manga curta e estrutura', 'XS', 'Branco Gasto', 'Algodao-Elastano', 12.99),
(29, 'T-Shirt', 'M', 'Basica c/ manga curta e estrutura', 'S', 'Branco Gasto', 'Algodao-Elastano', 12.99),
(29, 'T-Shirt', 'M', 'Basica c/ manga curta e estrutura', 'M', 'Branco Gasto', 'Algodao-Elastano', 12.99),
(29, 'T-Shirt', 'M', 'Basica c/ manga curta e estrutura', 'L', 'Branco Gasto', 'Algodao-Elastano', 12.99),
(29, 'T-Shirt', 'M', 'Basica c/ manga curta e estrutura', 'XL', 'Branco Gasto', 'Algodao-Elastano', 12.99),
(30, 'T-Shirt', 'M', 'Vincent Van Gogh', 'XS', 'Preto', 'Algodao', 15.99),
(30, 'T-Shirt', 'M', 'Vincent Van Gogh', 'S', 'Preto', 'Algodao', 15.99),
(30, 'T-Shirt', 'M', 'Vincent Van Gogh', 'M', 'Preto', 'Algodao', 15.99),
(30, 'T-Shirt', 'M', 'Vincent Van Gogh', 'L', 'Preto', 'Algodao', 15.99),
(30, 'T-Shirt', 'M', 'Vincent Van Gogh', 'XL', 'Preto', 'Algodao', 15.99),
(31, 'Sweatshirt', 'F', 'Decote redondo estampado', 'XS', 'Marinho', 'Algodao-Poliester', 25.99),
(31, 'Sweatshirt', 'F', 'Decote redondo estampado', 'S', 'Marinho', 'Algodao-Poliester', 25.99),
(31, 'Sweatshirt', 'F', 'Decote redondo estampado', 'M', 'Marinho', 'Algodao-Poliester', 25.99),
(31, 'Sweatshirt', 'F', 'Decote redondo estampado', 'L', 'Marinho', 'Algodao-Poliester', 25.99),
(31, 'Sweatshirt', 'F', 'Decote redondo estampado', 'XL', 'Marinho', 'Algodao-Poliester', 25.99),
(32, 'Sweatshirt', 'F', 'C/ capuz Chicago', 'XS', 'Burgandy', 'Algodao-Poliester', 25.99),
(32, 'Sweatshirt', 'F', 'C/ capuz Chicago', 'S', 'Burgandy', 'Algodao-Poliester', 25.99),
(32, 'Sweatshirt', 'F', 'C/ capuz Chicago', 'M', 'Burgandy', 'Algodao-Poliester', 25.99),
(32, 'Sweatshirt', 'F', 'C/ capuz Chicago', 'L', 'Burgandy', 'Algodao-Poliester', 25.99),
(32, 'Sweatshirt', 'F', 'C/ capuz Chicago', 'XL', 'Burgandy', 'Algodao-Poliester', 25.99),
(33, 'Sweatshirt', 'F', 'C/ capuz e California', 'XS', 'Cinza', 'Algodao-Poliester', 25.99),
(33, 'Sweatshirt', 'F', 'C/ capuz e California', 'S', 'Cinza', 'Algodao-Poliester', 25.99),
(33, 'Sweatshirt', 'F', 'C/ capuz e California', 'M', 'Cinza', 'Algodao-Poliester', 25.99),
(33, 'Sweatshirt', 'F', 'C/ capuz e California', 'L', 'Cinza', 'Algodao-Poliester', 25.99),
(33, 'Sweatshirt', 'F', 'C/ capuz e California', 'XL', 'Cinza', 'Algodao-Poliester', 25.99),
(34, 'Sweatshirt', 'F', 'Oversize c/ capuz e zip', 'XS', 'Preto', 'Algodao-Poliester-Viscose', 19.99),
(34, 'Sweatshirt', 'F', 'Oversize c/ capuz e zip', 'S', 'Preto', 'Algodao-Poliester-Viscose', 19.99),
(34, 'Sweatshirt', 'F', 'Oversize c/ capuz e zip', 'M', 'Preto', 'Algodao-Poliester-Viscose', 19.99),
(34, 'Sweatshirt', 'F', 'Oversize c/ capuz e zip', 'L', 'Preto', 'Algodao-Poliester-Viscose', 19.99),
(34, 'Sweatshirt', 'F', 'Oversize c/ capuz e zip', 'XL', 'Preto', 'Algodao-Poliester-Viscose', 19.99),
(35, 'Sweatshirt', 'F', 'C/ colarinho de polo', 'XS', 'Camel', 'Algodao', 22.99),
(35, 'Sweatshirt', 'F', 'C/ colarinho de polo', 'S', 'Camel', 'Algodao', 22.99),
(35, 'Sweatshirt', 'F', 'C/ colarinho de polo', 'M', 'Camel', 'Algodao', 22.99),
(35, 'Sweatshirt', 'F', 'C/ colarinho de polo', 'L', 'Camel', 'Algodao', 22.99),
(35, 'Sweatshirt', 'F', 'C/ colarinho de polo', 'XL', 'Camel', 'Algodao', 22.99),
(36, 'Saia', 'F', 'Minissaia c/ pregas boxer', 'XS', 'Preto', 'Algodao-Poliester-Viscose', 22.99),
(36, 'Saia', 'F', 'Minissaia c/ pregas boxer', 'S', 'Preto', 'Algodao-Poliester-Viscose', 22.99),
(36, 'Saia', 'F', 'Minissaia c/ pregas boxer', 'M', 'Preto', 'Algodao-Poliester-Viscose', 22.99),
(36, 'Saia', 'F', 'Minissaia c/ pregas boxer', 'L', 'Preto', 'Algodao-Poliester-Viscose', 22.99),
(36, 'Saia', 'F', 'Minissaia c/ pregas boxer', 'XL', 'Preto', 'Algodao-Poliester-Viscose', 22.99),
(37, 'Saia', 'F', 'Comprida c/ pormenor brilho', 'XS', 'Prateado', 'Poliamida-Elastano', 14.99),
(37, 'Saia', 'F', 'Comprida c/ pormenor brilho', 'S', 'Prateado', 'Poliamida-Elastano', 14.99),
(37, 'Saia', 'F', 'Comprida c/ pormenor brilho', 'M', 'Prateado', 'Poliamida-Elastano', 14.99),
(37, 'Saia', 'F', 'Comprida c/ pormenor brilho', 'L', 'Prateado', 'Poliamida-Elastano', 14.99),
(37, 'Saia', 'F', 'Comprida c/ pormenor brilho', 'XL', 'Prateado', 'Poliamida-Elastano', 14.99),
(38, 'Saia', 'F', 'Minissaia c/ lantejoulas', 'S', 'Malva', 'Poliester', 17.99),
(38, 'Saia', 'F', 'Minissaia c/ lantejoulas', 'M', 'Malva', 'Poliester', 17.99),
(38, 'Saia', 'F', 'Minissaia c/ lantejoulas', 'L', 'Malva', 'Poliester', 17.99),
(39, 'Saia', 'F', 'Denim extra grande c/ botoes', 'XS', 'Azul', 'Algodao', 29.99),
(39, 'Saia', 'F', 'Denim extra grande c/ botoes', 'S', 'Azul', 'Algodao', 29.99),
(39, 'Saia', 'F', 'Denim extra grande c/ botoes', 'M', 'Azul', 'Algodao', 29.99),
(39, 'Saia', 'F', 'Denim extra grande c/ botoes', 'L', 'Azul', 'Algodao', 29.99),
(39, 'Saia', 'F', 'Denim extra grande c/ botoes', 'XL', 'Azul', 'Algodao', 29.99),
(40, 'Saia', 'F', 'Midi c/ lantejoulas', 'XS', 'Cinza', 'Poliester-Elastano', 27.99),
(40, 'Saia', 'F', 'Midi c/ lantejoulas', 'S', 'Cinza', 'Poliester-Elastano', 27.99),
(40, 'Saia', 'F', 'Midi c/ lantejoulas', 'M', 'Cinza', 'Poliester-Elastano', 27.99),
(40, 'Saia', 'F', 'Midi c/ lantejoulas', 'L', 'Cinza', 'Poliester-Elastano', 27.99),
(40, 'Saia', 'F', 'Midi c/ lantejoulas', 'XL', 'Cinza', 'Poliester-Elastano', 27.99);
INSERT INTO Avaliacao values
(1, 210913654, 1, 'S', 5, 'Boa qualidade, serviu na perfeição.', '2022-04-12'),
(2, 259017281, 2, 'M', 4, 'Gostei!', '2023-11-01'),
(3, 987245321, 3, 'L', 3, 'Um pouco apertado, mas a qualidade é boa.', '2020-01-20'),
(4, 210987244, 37, 'XS', 5, 'Perfeito! Adorei o design.', '2018-05-15'),
(5, 456790012, 12, 'M', 2, 'Não gostei muito do tecido.', '2017-10-03'),
(6, 654721321, 9, 'S', 4, 'Entrega rápida e o tamanho está ótimo.', '2019-06-28'),
(7, 987654341, 19, 'XXL', 5, 'Super confortável! Recomendo.', '2015-12-12'),
(8, 876543350, 27, 'M', 1, 'Tamanho errado, não gostei.', '2020-11-05'),
(9, 765432599, 36, 'M', 4, 'Boa relação qualidade-preço.', '2017-04-22'),
(10, 543452987, 40, 'XL', 3, 'Podia ser mais barato.', '2019-01-10'),
(11, 432531876, 7, 'S', 5, 'Surpreendeu-me! Excelente compra.', '2018-07-15'),
(12, 321033965, 14, 'XS', 4, 'Gostei, mas demorou um pouco a chegar.', '2016-02-08'),
(13, 210913654, 15, 'S', 5, 'Produto de alta qualidade. Recomendo!', '2019-12-10'),
(14, 890456563, 22, 'L', 4, 'Gostei muito do estilo, mas um pouco apertado no meu marido.', '2017-03-25'),
(15, 237194634, 37, 'L', 3, 'Tecido desconfortável, mas bonito.', '2018-06-18'),
(16, 109835553, 11, 'L', 4, 'Perfeito para ocasiões especiais.', '2017-10-02'),
(17, 321098635, 28, 'L', 5, 'Excedeu as expectativas! Tamanho ideal.', '2016-02-15'),
(18, 890112356, 3, 'XS', 2, 'Não gostei do design, mas serve bem.', '2018-10-30'),
(19, 432531876, 35, 'S', 4, 'A minha namorada adorou.', '2019-10-12'),
(20, 789456999, 9, 'S', 3, 'Demorou um pouco, mas gostei do produto.', '2017-04-01'),
(21, 987623451, 20, 'S', 5, 'Produto incrível! Vestiu como uma luva.', '2015-12-20'),
(22, 876543350, 12, 'XL', 4, 'Confortável, mas preço um pouco elevado.', '2019-02-28'),
(23, 456712323, 15, 'S', 5, 'Excelente qualidade, entrega rápida.', '2020-11-05'),
(24, 321033965, 30, 'XL', 4, 'Bom custo-benefício, recomendo!', '2018-05-15'),
(25, 345642312, 18, '40', 3, 'Tamanho um pouco grande, mas gostei.', '2017-03-12'),
(26, 789344454, 25, 'XS', 5, 'Amei! Superou minhas expectativas.', '2019-09-22'),
(27, 109568543, 34, 'L', 2, 'Não gostei da cor, mas qualidade ok.', '2017-03-01'),
(28, 123986281, 33, 'L', 4, 'Confortável e estiloso.', '2020-02-14'),
(29, 987656731, 14, 'XS', 5, 'Melhor do que eu esperava. Perfeito!', '2016-07-08'),
(30, 345642312, 4, 'XL', 3, 'Um pouco caro, mas é de boa qualidade.', '2019-01-10');
INSERT INTO Promocao values
(1, 30, 'XS', 0.50, 7.99, '2022-04-12', '2022-04-15'),
(2, 30, 'S', 0.50, 7.99, '2022-04-12', '2022-04-15'),
(3, 30, 'M', 0.50, 7.99, '2022-04-12', '2022-04-15'),
(4, 30, 'L', 0.50, 7.99, '2022-04-12', '2022-04-15'),
(5, 30, 'XL', 0.50, 7.99, '2022-04-12', '2022-04-15'),
(6, 26, 'XS', 0.15, 15.29, '2021-01-01', '2022-01-31'),
(7, 26, 'S', 0.15, 15.29, '2021-01-01', '2022-01-31'),
(8, 26, 'M', 0.15, 15.29, '2021-01-01', '2022-01-31'),
(9, 26, 'L', 0.15, 15.29, '2021-01-01', '2022-01-31'),
(10, 26, 'XL', 0.15, 15.29, '2021-01-01', '2022-01-31'),
(11, 37, 'S', 0.30, 10.49, '2021-03-07', '2022-03-15'),
(12, 37, 'M', 0.30, 10.49, '2021-03-07', '2022-03-15'),
(13, 37, 'L', 0.30, 10.49, '2021-03-07', '2022-03-15'),
(14, 37, 'XL', 0.30, 10.49, '2021-03-07', '2022-03-15'),
(15, 4, 'XS', 0.25, 22.49, '2023-02-04', '2023-02-07'),
(16, 4, 'S', 0.25, 22.49, '2023-02-04', '2023-02-07'),
(17, 4, 'M', 0.25, 22.49, '2023-02-04', '2023-02-07'),
(18, 4, 'L', 0.25, 22.49, '2023-02-04', '2023-02-07'),
(19, 4, 'XL', 0.25, 22.49, '2023-02-04', '2023-02-07'),
(20, 4, 'XXL', 0.25, 22.49, '2023-02-04', '2023-02-07'),
(21, 8, 'XS', 0.70, 9.00, '2023-04-14', '2023-04-17'),
(22, 8, 'S', 0.70, 9.00, '2023-04-14', '2023-04-17'),
(23, 8, 'M', 0.70, 9.00, '2023-04-14', '2023-04-17'),
(24, 8, 'L', 0.70, 9.00, '2023-04-14', '2023-04-17'),
(25, 8, 'XL', 0.70, 9.00, '2023-04-14', '2023-04-17'),
(26, 15, 'XS', 0.70, 9.00, '2020-12-19', '2020-12-23'),
(27, 15, 'S', 0.70, 9.00, '2020-12-19', '2020-12-23'),
(28, 15, 'M', 0.70, 9.00, '2020-12-19', '2020-12-23'),
(29, 15, 'L', 0.70, 9.00, '2020-12-19', '2020-12-23'),
(30, 15, 'XL', 0.70, 9.00, '2020-12-19', '2020-12-23'),
(31, 40, 'XS', 0.10, 25.19, '2018-06-23', '2018-06-28'),
(32, 40, 'S', 0.10, 25.19, '2018-06-23', '2018-06-28'),
(33, 40, 'M', 0.10, 25.19, '2018-06-23', '2018-06-28'),
(34, 40, 'L', 0.10, 25.19, '2018-06-23', '2018-06-28'),
(35, 40, 'XL', 0.10, 25.19, '2018-06-23', '2018-06-28'),
(36, 26, 'XS', 0.30, 12.59, '2023-04-05', '2023-04-15'),
(37, 26, 'S', 0.30, 12.59, '2023-04-05', '2023-04-15'),
(38, 26, 'M', 0.30, 12.59, '2023-04-05', '2023-04-15'),
(39, 26, 'L', 0.30, 12.59, '2023-04-05', '2023-04-15'),
(40, 26, 'XL', 0.30, 12.59, '2023-04-05', '2023-04-15'),
(41, 3, 'XXS', 0.20, 36.79, '2023-06-01', '2023-06-16'),
(42, 3, 'XS', 0.20, 36.79, '2023-06-01', '2023-06-16'),
(43, 3, 'S', 0.20, 36.79, '2023-06-01', '2023-06-16'),
(44, 3, 'M', 0.20, 36.79, '2023-06-01', '2023-06-16'),
(45, 3, 'L', 0.20, 36.79, '2023-06-01', '2023-06-16'),
(46, 3, 'XL', 0.20, 36.79, '2023-06-01', '2023-06-16'),
(47, 3, 'XXL', 0.20, 36.79, '2023-06-01', '2023-06-16'),
(48, 25, 'XS', 0.25, 11.99, '2017-08-12', '2017-08-18'),
(49, 25, 'S', 0.25, 11.99, '2017-08-12', '2017-08-18'),
(50, 25, 'M', 0.25, 11.99, '2017-08-12', '2017-08-18'),
(51, 25, 'L', 0.25, 11.99, '2017-08-12', '2017-08-18'),
(52, 25, 'XL', 0.25, 11.99, '2017-08-12', '2017-08-18'),
(53, 26, 'XS', 0.30, 6.99, '2023-11-11', '2023-11-19'),
(54, 26, 'S', 0.30, 6.99, '2023-11-11', '2023-11-19'),
(55, 26, 'M', 0.30, 6.99, '2023-11-11', '2023-11-19'),
(56, 26, 'L', 0.30, 6.99, '2023-11-11', '2023-11-19'),
(57, 26, 'XL', 0.30, 6.99, '2023-11-11', '2023-11-19'),
(58, 27, 'XS', 0.30, 12.56, '2023-11-11', '2023-11-19'),
(59, 27, 'S', 0.30, 12.56, '2023-11-11', '2023-11-19'),
(60, 27, 'M', 0.30, 12.56, '2023-11-11', '2023-11-19'),
(61, 27, 'L', 0.30, 12.56, '2023-11-11', '2023-11-19'),
(62, 27, 'XL', 0.30, 12.56, '2023-11-11', '2023-11-19'),
(63, 28, 'XS', 0.30, 12.59, '2023-11-11', '2023-11-19'),
(64, 28, 'S', 0.30, 12.59, '2023-11-11', '2023-11-19'),
(65, 28, 'M', 0.30, 12.59, '2023-11-11', '2023-11-19'),
(66, 28, 'L', 0.30, 12.59, '2023-11-11', '2023-11-19'),
(67, 28, 'XL', 0.30, 12.59, '2023-11-11', '2023-11-19'),
(68, 29, 'XS', 0.30, 9.09, '2023-11-11', '2023-11-19'),
(69, 29, 'S', 0.30, 9.09, '2023-11-11', '2023-11-19'),
(70, 29, 'M', 0.30, 9.09, '2023-11-11', '2023-11-19'),
(71, 29, 'L', 0.30, 9.09, '2023-11-11', '2023-11-19'),
(72, 29, 'XL', 0.30, 9.09, '2023-11-11', '2023-11-19'),
(73, 30, 'XS', 0.30, 11.19, '2023-11-11', '2023-11-19'),
(74, 30, 'S', 0.30, 11.19, '2023-11-11', '2023-11-19'),
(75, 30, 'M', 0.30, 11.19, '2023-11-11', '2023-11-19'),
(76, 30, 'L', 0.30, 11.19, '2023-11-11', '2023-11-19'),
(77, 30, 'XL', 0.30, 11.19, '2023-11-11', '2023-11-19'),
(78, 12, 'XS', 0.30, 25.19, '2018-10-18', '2018-10-25'),
(79, 12, 'S', 0.30, 25.19, '2018-10-18', '2018-10-25'),
(80, 12, 'M', 0.30, 25.19, '2018-10-18', '2018-10-25'),
(81, 12, 'L', 0.30, 25.19, '2018-10-18', '2018-10-25'),
(82, 12, 'XL', 0.30, 25.19, '2018-10-18', '2018-10-25'),
(83, 38, 'S', 0.30, 18.19, '2023-09-11', '2023-09-11'),
(84, 38, 'M', 0.30, 18.19, '2023-09-11', '2023-09-11'),
(85, 38, 'L', 0.30, 18.19, '2023-09-11', '2023-09-11');
INSERT INTO Transportadora values
(1, 'CTT', 'ctt@gmail.com', 351212673990, 'Av. dos Combatentes 43 14.ºPiso 1000-001 Lisboa', 'Portugal'),
(2, 'Nacex', 'apoionacex@gmail.com', 351216784562,'R. Quelhinha de Jesus, 914 1000-001 Lisboa', 'Espanha'),
(3, 'MRW', 'mrw@gmail.com', 351213627233,'R. Cristiano Ronaldo, 34 1000-001 Lisboa', 'Portugal'),
(4, 'FedEx', 'fedex@gmail.com', 351226683089,'Avenida Soldado Desconhecido, 65 1000-223 Lisboa', 'Portugal'),
(5, 'TNT', 'tntcliente@gmail.com', 351226745622,'Avenida Nossa Senhora dos Remédios, 19 1000-041 Lisboa', 'Portugal');
INSERT INTO Fornecedor values
(1, 'ChinaFed', 'chinafed@gmail.com', 351254672453, 'Avenida São João, 27 1000-672 Lisboa', 'China'),
(2, 'BrazilExpress', 'brazilexpress@gmail.com', 351213425822, 'Rua Rio de Janeiro, 45, 4050-567 Porto', 'Brazil'),
(3, 'IndiaShip', 'indiaship@gmail.com', 351279822743, 'Praça Mumbai, 15, 1500-789 Lisboa', 'India'),
(4, 'USAConnect', 'usaconnect@gmail.com', 351246001522, 'Avenida Nova Iorque, 32, 1700-456 Lisboa', 'Estados Unidos da América'),
(5, 'GermanyFast', 'germanyfast@gmail.com', 351210825762, 'Rua Berlim, 78, 1600-987 Lisboa', 'Germany');
INSERT INTO Armazem values
(1, 'Lisboa'),
(2, 'Porto'),
(3, 'Guarda'),
(4, 'Leiria'),
(5, 'Viseu');
INSERT INTO Compra values 
(1, 74.97),
(2, 14.99),
(3, 15.99),
(4, 38.98),
(5, 27.99),
(6, 29.99),
(7, 114.96),
(8, 14.99),
(9, 9.99),
(10, 35.99),
(11, 189.95),
(12, 29.99),
(13, 43.98),
(14, 22.99),
(15, 18.99),
(16, 104.97),
(17, 19.99),
(18, 25.99),
(19, 45.98),
(20, 42.98),
(21, 22.99),
(22, 74.97),
(23, 45.98),
(24, 40.98),
(25, 95.98),
(26, 19.99),
(27, 18.99),
(28, 25.99),
(29, 15.99),
(30, 22.99);
INSERT INTO Pagamento values 
(1, 'MB Way', 74.97, '2021-08-12', 1),
(2, 'PayPal', 14.99, '2021-10-01', 2),
(3, 'Multibanco', 15.99, '2022-11-06', 3),
(4, 'MB Way', 38.98, '2020-03-08', 4),
(5, 'PayPal', 27.99, '2023-03-24', 5),
(6, 'MB Way', 29.99, '2023-05-16', 6),
(7, 'Multibanco', 114.96, '2017-04-05', 7),
(8, 'MB Way', 14.99, '2023-04-02', 8),
(9, 'MB Way', 9.99, '2022-12-12', 9),
(10, 'Multibanco', 35.99, '2021-08-12', 10),
(11, 'PayPal', 189.95, '2017-04-15', 11),
(12, 'PayPal', 29.99, '2018-11-23', 12),
(13, 'MB Way', 43.98, '2019-08-07', 13),
(14, 'MB Way', 22.99, '2020-01-29', 14),
(15, 'Multibanco', 18.99, '2018-06-12', 15),
(16, 'PayPal', 104.97, '2021-09-05', 16),
(17, 'Multibanco', 19.99, '2017-12-18', 17),
(18, 'Multibanco', 25.99, '2022-02-14', 18),
(19, 'PayPal', 45.98, '2019-03-22', 19),
(20, 'PayPal', 42.98, '2017-08-30', 20),
(21, 'Multibanco', 22.99, '2023-05-01', 21),
(22, 'MB Way', 74.97, '2022-11-09', 22),
(23, 'Multibanco', 45.98, '2020-07-14', 23),
(24, 'Multibanco', 40.98, '2018-03-27', 24),
(25, 'MB Way', 95.98, '2017-10-03', 25),
(26, 'Multibanco', 19.99, '2023-01-12', 26),
(27, 'MB Way', 18.99, '2021-06-08', 27),
(28, 'PayPal', 25.99, '2019-04-19', 28),
(29, 'PayPal', 15.99, '2022-07-26', 29),
(30, 'PayPal', 22.99, '2020-09-11', 30);
INSERT INTO HistoricoCompras values
(876531310, 31, 'S', 1, 1),
(876531310, 19, 'M', 1, 1),
(876531310, 15, 'S', 1, 1),
(876688210, 37, 'M', 1, 2),
(259017281, 30, 'XS', 1, 3),
(432135566, 23, 'XL', 1, 4),
(432135566, 18, '38', 1, 4),
(432531876, 40, 'M', 1, 5),
(987623451, 8, 'L', 1, 6),
(653456468, 3, 'M', 1, 7),
(653456468, 10, 'XS', 1, 7),
(653456468, 34, 'M', 1, 7),
(653456468, 36, 'S', 1, 7),
(987671889, 37, 'M', 1, 8),
(789456999, 27, 'XS', 1, 9),
(259017281, 6, 'XXL', 1, 10),
(259077945, 22, 'L', 1, 11),
(259077945, 34, 'XL', 1, 11),
(259077945, 14, 'M', 1, 11),
(259077945, 2, 'L', 1, 11),
(259077945, 5, 'XXL', 1, 11),
(654337387, 39, 'M', 1, 12),
(876543350, 28, 'XS', 1, 13),
(876543350, 20, 'XS', 1, 13),
(210987244, 35, 'L', 1, 14),
(123412889, 19, 'S', 1, 15),
(321098635, 3, 'XXS', 1, 16),
(321098635, 11, 'M', 1, 16),
(321098635, 29, 'XS', 1, 16),
(432531876, 22, 'S', 1, 17),
(890112356, 32, 'M', 1, 18),
(432135566, 40, 'S', 1, 19),
(432135566, 24, 'M', 1, 19),
(567842323, 17, '44', 1, 20),
(567842323, 16, 'XL', 1, 20),
(321033965, 38, 'S', 1, 21),
(876543350, 27, 'L', 1, 22),
(876543350, 19, 'L', 1, 22),
(876543350, 11, 'M', 1, 22),
(987138454, 36, 'L', 1, 23),
(987138454, 23, 'M', 1, 23),
(890112356, 21, 'S', 1, 24),
(890112356, 24, 'S', 1, 24),
(789344454, 12, 'XL', 1, 25),
(789344454, 1, 'L', 1, 25),
(109568543, 22, 'S', 1, 26),
(210913654, 19, 'M', 1, 27),
(765432599, 10, 'S', 1, 28),
(543223457, 30, 'S', 1, 29),
(987623451, 16, 'M', 1, 30);
INSERT INTO Encomenda values
(1, 1),
(2, 2),
(3, 3),
(4, 4),
(5, 5),
(6, 6),
(7, 7),
(8, 8),
(9, 9),
(10, 10),
(11, 11),
(12, 12),
(13, 13),
(14, 14),
(15, 15),
(16, 16),
(17, 17),
(18, 18),
(19, 19),
(20, 20),
(21, 21),
(22, 22),
(23, 23),
(24, 24),
(25, 25),
(26, 26),
(27, 27),
(28, 28),
(29, 29),
(30, 30);
INSERT INTO Envio values
(1, 'Rua da Sé, 56, 4900-014 Viana do Castelo', '20230511',1),
(2, 'Avenida Central, 45, 1000-567 Lisboa', '20220908',2),
(3, 'Rua das Flores, 123, 1000-001 Lisboa', '20231119',3),
(4, 'Rua do Carmo, 34, 4050-200 Porto', '20220708',4),
(5, 'Rua do Comércio, 67, 4900-200 Viana do Castelo', '20211111',5),
(6, 'Rua do Rosário, 21, 4700-567 Braga', '20230427',6),
(7, 'Travessa das Flores, 12, 800-567 Faro', '20190808',7),
(8, 'Avenida Central, 45, 1000-567 Lisboa', '20211205',8),
(9, 'Rua dos Aliados, 321, 4000-005 Porto', '20201020',9),
(10, 'Rua das Flores, 123, 1000-001 Lisboa', '20221130',10),
(11, 'Urb Qta Vista Alegre, 45, 5100-123 Lamego', '20230315',11),
(12, 'Rua do Carmo, 78, 4050-123 Porto', '20220801',12),
(13, 'Avenida dos Aliados, 101, 4050-200 Porto', '20200925',13),
(14, 'Avenida da Boavista, 67, 4100-200 Porto', '20220310',14),
(15, 'Largo da Sé, 12, 800-123 Faro', '20220118',15),
(16, 'Praça Marquês de Pombal, 20, 5400-567 Chaves', '20221007',16),
(17, 'Rua do Comércio, 67, 4900-200 Viana do Castelo', '20201214',17),
(18, 'Avenida da Boavista, 123, 4100-101 Porto', '20230702',18),
(19, 'Rua do Carmo, 34, 4050-200 Porto', '20210727',19),
(20, 'Rua dos Combatentes, 34, 800-200 Faro', '20230608',20),
(21, 'Largo do Carmo, 12, 2000-567 Santarém', '20210403',21),
(22, 'Avenida dos Aliados, 101, 4050-200 Porto', '20221018',22),
(23, 'Rua da Boavista, 89, 1500-001 Lisboa', '20201030',23),
(24, 'Avenida da Boavista, 123, 4100-101 Porto', '20210522',24),
(25, 'Avenida Central, 101, 1000-200 Lisboa', '20230214',25),
(26, 'Rua dos Aliados, 89, 4050-567 Porto', '20220616',26),
(27, 'Avenida Central, 56, 1000-200 Lisboa', '20220301',27),
(28, 'Rua da Boavista, 34, 1500-567 Lisboa', '20221119',28),
(29, 'Avenida da Liberdade, 123, 1050-200 Lisboa', '20230809',29),
(30, 'Rua do Rosário, 21, 4700-567 Braga', '20220107',30);
INSERT INTO Cancelamento values
(1, 'Ofereceram-me o casaco, não preciso do novo', '20220601', '20220602', 'Aceite', 14),
(2, 'Tamanho errado.', '20230410', '20230411', 'Aceite', 18);
INSERT INTO EstadoDeEnvio values
(1, 1, 'Está a caminho.', '20220612', 'Porto'),
(2, 5, 'Encomenda Entregue.', '20220909', 'Lisboa'),
(3, 4, 'Está a caminho.', '20231120', 'Braga'),
(4, 2, 'Encomenda Entregue.', '20230710', 'Porto'),
(5, 1, 'Está a caminho.', '20211112', 'Coimbra'),
(6, 3, 'Encomenda Entregue.', '20230429', 'Braga'),
(7, 5, 'Está a caminho.', '20190808', 'Viseu'),
(8, 2, 'Encomenda Entregue.', '20211207', 'Lisboa'),
(9, 1, 'Está a caminho.', '20201021', 'Leiria'),
(10, 4, 'Encomenda Entregue.', '20221201', 'Lisboa'),
(11, 3, 'Está a caminho.', '20230317', 'Portalegre'),
(12, 5, 'Encomenda Entregue.', '20220802', 'Porto'),
(13, 1, 'Está a caminho.', '20220312', 'Castelo Branco'),
(14, 4, 'Encomenda Entregue.', '20220314', 'Porto'),
(15, 2, 'Está a caminho.', '20220123', 'Porto'),
(16, 3, 'Encomenda Entregue.', '20221015', 'Chaves'),
(17, 1, 'Está a caminho.', '20201220', 'Leiria'),
(18, 5, 'Encomenda Entregue.', '2020', 'Porto'),
(19, 4, 'Está a caminho.', '20210730', 'Loulé'),
(20, 2, 'Encomenda Entregue.', '20230610', 'Faro'),
(21, 1, 'Está a caminho.', '20210404', 'Vila Nova de Gaia'),
(22, 3, 'Encomenda Entregue.', '20221020', 'Porto'),
(23, 5, 'Está a caminho.', '20201102', 'Matosinhos'),
(24, 4, 'Encomenda Entregue.', '20210524', 'Porto'),
(25, 2, 'Está a caminho.', '20230215', 'Maia'),
(26, 1, 'Encomenda Entregue.', '20220618', 'Porto'),
(27, 3, 'Está a caminho.', '20220302', 'Loures'),
(28, 5, 'Encomenda Entregue.', '20221121', 'Lisboa'),
(29, 4, 'Está a caminho.', '20230810', 'Almada'),
(30, 1, 'Encomenda Entregue.', '20220109', 'Braga');
INSERT INTO Stock values
(1, 'S', 1, 1, 50),
(1, 'M', 1, 1, 50),
(1, 'L', 1, 1, 50),
(2, 'S', 1, 2, 40),
(2, 'M', 1, 2, 40),
(2, 'L', 1, 2, 40),
(3, 'XXS', 2, 1, 30),
(3, 'XS', 2, 1, 35),
(3, 'S', 2, 1, 50),
(3, 'M', 2, 1, 50),
(3, 'L', 2, 1, 35),
(3, 'XL', 2, 1, 30),
(3, 'XXL', 2, 1, 30),
(4, 'XS', 1, 4, 50),
(4, 'S', 1, 4, 50),
(4, 'M', 1, 4, 50),
(4, 'L', 1, 4, 50),
(4, 'XL', 1, 4, 50),
(5, 'S', 1, 1, 60),
(5, 'M', 1, 1, 60),
(5, 'L', 1, 1, 50),
(5, 'XL', 1, 1, 50),
(5, 'XXL', 1, 1, 40),
(6, 'XS', 1, 2, 30),
(6, 'S', 1, 2, 30),
(6, 'M', 1, 2, 30),
(6, 'L', 1, 2, 30),
(6, 'XL', 1, 2, 30),
(6, 'XXL', 1, 2, 30),
(7, 'S', 2, 3, 40),
(7, 'M', 2, 3, 40),
(7, 'L', 2, 3, 40),
(8, 'XS', 5, 2, 50),
(8, 'S', 5, 2, 60),
(8, 'M', 5, 2, 60),
(8, 'L', 5, 2, 50),
(8, 'XL', 5, 2, 50),
(9, 'XS', 4, 2, 50),
(9, 'S', 4, 2, 60),
(9, 'M', 4, 2, 60),
(9, 'L', 4, 2, 50),
(9, 'XL', 4, 2, 50),
(10, 'XS', 4, 5, 25),
(10, 'S', 4, 5, 30),
(10, 'M', 4, 5, 30),
(10, 'L', 4, 5, 25),
(10, 'XL', 4, 5, 25),
(11, 'XS', 5, 1, 40),
(11, 'S', 5, 1, 40),
(11, 'M', 5, 1, 40),
(11, 'L', 5, 1, 40),
(11, 'XL', 5, 1, 40),
(12, 'XS', 4, 1, 50),
(12, 'S', 4, 1, 50),
(12, 'M', 4, 1, 50),
(12, 'L', 4, 1, 50),
(12, 'XL', 4, 1, 50),
(13, 'XS', 4, 5, 15),
(13, 'S', 4, 5, 20),
(13, 'M', 4, 5, 20),
(13, 'L', 4, 5, 15),
(13, 'XL', 4, 5, 10),
(14, 'XS', 4, 4, 25),
(14, 'S', 4, 4, 30),
(14, 'M', 4, 4, 30),
(14, 'L', 4, 4, 25),
(14, 'XL', 4, 4, 20),
(15, 'XS', 5, 2, 40),
(15, 'S', 5, 2, 40),
(15, 'M', 5, 2, 40),
(15, 'L', 5, 2, 40),
(15, 'XL', 5, 2, 40),
(16, 'XS', 3, 1, 25),
(16, 'S', 3, 1, 25),
(16, 'M', 3, 1, 25),
(16, 'L', 3, 1, 25),
(16, 'XL', 3, 1, 25),
(16, 'XXL', 3, 1, 25),
(17, '36', 2, 5, 15),
(17, '38', 2, 5, 15),
(17, '40', 2, 5, 20),
(17, '42', 2, 5, 20),
(17, '44', 2, 5, 15),
(17, '46', 2, 5, 15),
(18, '36', 1, 4, 20),
(18, '38', 1, 4, 25),
(18, '40', 1, 4, 30),
(18, '42', 1, 4, 30),
(18, '44', 1, 4, 30),
(18, '46', 1, 4, 25),
(18, '48', 1, 4, 20),
(18, '50', 1, 4, 20),
(19, 'XS', 2, 3, 30),
(19, 'S', 2, 3, 30),
(19, 'M', 2, 3, 30),
(19, 'L', 2, 3, 30),
(19, 'XL', 2, 3, 30),
(19, 'XXL', 2, 3, 30),
(20, 'XS', 2, 2, 35),
(20, 'S', 2, 2, 40),
(20, 'M', 2, 2, 40),
(20, 'L', 2, 2, 40),
(20, 'XL', 2, 2, 35),
(20, 'XXL', 2, 2, 35),
(21, 'XS', 1, 2, 80),
(21, 'S', 1, 2, 80),
(21, 'M', 1, 2, 80),
(21, 'L', 1, 2, 80),
(21, 'XL', 1, 2, 80),
(22, 'XS', 2, 2, 60),
(22, 'S', 2, 2, 70),
(22, 'M', 2, 2, 70),
(22, 'L', 2, 2, 60),
(22, 'XL', 2, 2, 50),
(23, 'XS', 2, 1, 15),
(23, 'S', 2, 1, 20),
(23, 'M', 2, 1, 20),
(23, 'L', 2, 1, 15),
(23, 'XL', 2, 1, 10),
(24, 'XS', 1, 3, 40),
(24, 'S', 1, 3, 50),
(24, 'M', 1, 3, 50),
(24, 'L', 1, 3, 40),
(24, 'XL', 1, 3, 30),
(25, 'XS', 1, 3, 100),
(25, 'S', 1, 3, 100),
(25, 'M', 1, 3, 100),
(25, 'L', 1, 3, 100),
(25, 'XL', 1, 3, 100),
(26, 'XS', 3, 5, 70),
(26, 'S', 3, 5, 70),
(26, 'M', 3, 5, 70),
(26, 'L', 3, 5, 70),
(26, 'XL', 3, 5, 70),
(27, 'XS', 4, 1, 150),
(27, 'S', 4, 1, 150),
(27, 'M', 4, 1, 150),
(27, 'L', 4, 1, 150),
(27, 'XL', 4, 1, 150),
(28, 'XS', 4, 4, 120),
(28, 'S', 4, 4, 150),
(28, 'M', 4, 4, 150),
(28, 'L', 4, 4, 120),
(28, 'XL', 4, 4, 100),
(29, 'XS', 5, 2, 50),
(29, 'S', 5, 2, 70),
(29, 'M', 5, 2, 70),
(29, 'L', 5, 2, 50),
(29, 'XL', 5, 2, 50),
(30, 'XS', 3, 5, 80),
(30, 'S', 3, 5, 80),
(30, 'M', 3, 5, 80),
(30, 'L', 3, 5, 80),
(30, 'XL', 3, 5, 80),
(31, 'XS', 1, 2, 30),
(31, 'S', 1, 2, 50),
(31, 'M', 1, 2, 50),
(31, 'L', 1, 2, 30),
(31, 'XL', 1, 2, 30),
(32, 'XS', 1, 1, 60),
(32, 'S', 1, 1, 60),
(32, 'M', 1, 1, 60),
(32, 'L', 1, 1, 60),
(32, 'XL', 1, 1, 60),
(33, 'XS', 2, 4, 50),
(33, 'S', 2, 4, 50),
(33, 'M', 2, 4, 50),
(33, 'L', 2, 4, 50),
(33, 'XL', 2, 4, 50),
(34, 'XS', 1, 3, 50),
(34, 'S', 1, 3, 50),
(34, 'M', 1, 3, 50),
(34, 'L', 1, 3, 50),
(34, 'XL', 1, 3, 50),
(35, 'XS', 3, 2, 80),
(35, 'S', 3, 2, 80),
(35, 'M', 3, 2, 80),
(35, 'L', 3, 2, 80),
(35, 'XL', 3, 2, 80),
(36, 'XS', 5, 2, 50),
(36, 'S', 5, 2, 60),
(36, 'M', 5, 2, 60),
(36, 'L', 5, 2, 50),
(36, 'XL', 5, 2, 50),
(37, 'XS', 4, 2, 70),
(37, 'S', 4, 2, 100),
(37, 'M', 4, 2, 100),
(37, 'L', 4, 2, 70),
(37, 'XL', 4, 2, 70),
(38, 'S', 2, 2, 100),
(38, 'M', 2, 2, 100),
(38, 'L', 2, 2, 100),
(39, 'XS', 2, 5, 30),
(39, 'S', 2, 5, 50),
(39, 'M', 2, 5, 50),
(39, 'L', 2, 5, 30),
(39, 'XL', 2, 5, 30),
(40, 'XS', 2, 5, 50),
(40, 'S', 2, 5, 80),
(40, 'M', 2, 5, 80),
(40, 'L', 2, 5, 50),
(40, 'XL', 2, 5, 30);


